{
  "total_requests": 3,
  "total_tokens": 2523,
  "total_latency": 9.51242848900074,
  "model_breakdown": {
    "groq:llama-3.1-8b-instant": {
      "requests": 2,
      "tokens": 1960,
      "latency": 6.020554292997986
    },
    "groq:llama-3.3-70b-versatile": {
      "requests": 1,
      "tokens": 563,
      "latency": 3.4918741960027546
    }
  }
}